Workbook

Sheet Dashboard
A1: Indian Gaming Platform — Player & Transaction Analytics Dashboard
A4: FILTERS — choose a value, or leave "All" to include every session
A5: Region | D5: Platform | G5: Game Name | J5: Purchase Type | M5: Player Type | P5: Year-Month
A6: All | D6: All | G6: All | J6: All | M6: All | P6: All
A9: Total Sessions | D9: Distinct Players | G9: Total Revenue | J9: ARPU | M9: Suspicious Sessions | P9: Success Rate %
A10: =SUMPRODUCT(('Transformed Data'!$F$5:$F$504=IF($A$6="All",'Transformed Data'!$F$5:$F$504,$A$6))*('Transformed Data'!$E$5:$E$504=IF($D$6="All",'Transformed Data'!$E$5:$E$504,$D$6))*('Transformed Data'!$D$5:$D$504=IF($G$6="All",'Transformed Data'!$D$5:$D$504,$G$6))*('Transformed Data'!$J$5:$J$504=IF($J$6="All",'Transformed Data'!$J$5:$J$504,$J$6))*('Transformed Data'!$L$5:$L$504=IF($M$6="All",'Transformed Data'!$L$5:$L$504,$M$6))*('Transformed Data'!$O$5:$O$504=IF($P$6="All",'Transformed Data'!$O$5:$O$504,$P$6))) -> 500 | D10: =SUMPRODUCT((('Transformed Data'!$F$5:$F$504=IF($A$6="All",'Transformed Data'!$F$5:$F$504,$A$6))*('Transformed Data'!$E$5:$E$504=IF($D$6="All",'Transformed Data'!$E$5:$E$504,$D$6))*('Transformed Data'!$D$5:$D$504=IF($G$6="All",'Transformed Data'!$D$5:$D$504,$G$6))*('Transformed Data'!$J$5:$J$504=IF($J$6="All",'Transformed Data'!$J$5:$J$504,$J$6))*('Transformed Data'!$L$5:$L$504=IF($M$6="All",'Transformed Data'!$L$5:$L$504,$M$6))*('Transformed Data'!$O$5:$O$504=IF($P$6="All",'Transformed Data'!$O$5:$O$504,$P$6)))/COUNTIFS('Transformed Data'!$B$5:$B$504,'Transformed Data'!$B$5:$B$504)) -> 489 | G10: =SUMPRODUCT(('Transformed Data'!$F$5:$F$504=IF($A$6="All",'Transformed Data'!$F$5:$F$504,$A$6))*('Transformed Data'!$E$5:$E$504=IF($D$6="All",'Transformed Data'!$E$5:$E$504,$D$6))*('Transformed Data'!$D$5:$D$504=IF($G$6="All",'Transformed Data'!$D$5:$D$504,$G$6))*('Transformed Data'!$J$5:$J$504=IF($J$6="All",'Transformed Data'!$J$5:$J$504,$J$6))*('Transformed Data'!$L$5:$L$504=IF($M$6="All",'Transformed Data'!$L$5:$L$504,$M$6))*('Transformed Data'!$O$5:$O$504=IF($P$6="All",'Transformed Data'!$O$5:$O$504,$P$6)),'Transformed Data'!$I$5:$I$504) -> 2631.27 | J10: =IF(A10=0,0,G10/A10) -> 5.26254 | M10: =SUMPRODUCT(('Transformed Data'!$F$5:$F$504=IF($A$6="All",'Transformed Data'!$F$5:$F$504,$A$6))*('Transformed Data'!$E$5:$E$504=IF($D$6="All",'Transformed Data'!$E$5:$E$504,$D$6))*('Transformed Data'!$D$5:$D$504=IF($G$6="All",'Transformed Data'!$D$5:$D$504,$G$6))*('Transformed Data'!$J$5:$J$504=IF($J$6="All",'Transformed Data'!$J$5:$J$504,$J$6))*('Transformed Data'!$L$5:$L$504=IF($M$6="All",'Transformed Data'!$L$5:$L$504,$M$6))*('Transformed Data'!$O$5:$O$504=IF($P$6="All",'Transformed Data'!$O$5:$O$504,$P$6))*('Transformed Data'!$N$5:$N$504="Yes")) -> 103 | P10: =SUMPRODUCT(('Transformed Data'!$F$5:$F$504=IF($A$6="All",'Transformed Data'!$F$5:$F$504,$A$6))*('Transformed Data'!$E$5:$E$504=IF($D$6="All",'Transformed Data'!$E$5:$E$504,$D$6))*('Transformed Data'!$D$5:$D$504=IF($G$6="All",'Transformed Data'!$D$5:$D$504,$G$6))*('Transformed Data'!$J$5:$J$504=IF($J$6="All",'Transformed Data'!$J$5:$J$504,$J$6))*('Transformed Data'!$L$5:$L$504=IF($M$6="All",'Transformed Data'!$L$5:$L$504,$M$6))*('Transformed Data'!$O$5:$O$504=IF($P$6="All",'Transformed Data'!$O$5:$O$504,$P$6))*('Transformed Data'!$K$5:$K$504="Completed"))/IF(A10=0,1,A10) -> 0.72
A13: Player Engagement Analysis
A31: Monetization Insights
A49: Platform, Region & Suspicious Behavior Overview
A67: Note: dropdown filters drive the live KPI strip above using formulas, keeping this a portable, plain .xlsx file. Charts read from the fixed Summary Tables. For native click-to-filter Slicers linked to every chart, load Transformed Data into a real Excel PivotTable (Insert > PivotTable) inside Excel itself — Slicers cannot be authored outside the Excel application.

Sheet Summary Tables
A1: Summary Tables — pivot-style aggregations feeding the Dashboard
A2: Built with SUMIFS / COUNTIFS / SUMPRODUCT against Transformed Data (native Excel PivotTables were not used so the workbook stays a plain, portable .xlsx — see README for why).
A4: 1. Monthly Active Players & Sessions
A5: Year-Month | B5: Distinct Players | C5: Total Sessions
A6: 2024-12 | B6: =SUMPRODUCT(('Transformed Data'!$O$5:$O$504=$A6)/COUNTIFS('Transformed Data'!$B$5:$B$504,'Transformed Data'!$B$5:$B$504,'Transformed Data'!$O$5:$O$504,'Transformed Data'!$O$5:$O$504)) -> 48 | C6: =COUNTIFS('Transformed Data'!$O$5:$O$504,$A6) -> 48
A7: 2025-01 | B7: =SUMPRODUCT(('Transformed Data'!$O$5:$O$504=$A7)/COUNTIFS('Transformed Data'!$B$5:$B$504,'Transformed Data'!$B$5:$B$504,'Transformed Data'!$O$5:$O$504,'Transformed Data'!$O$5:$O$504)) -> 95 | C7: =COUNTIFS('Transformed Data'!$O$5:$O$504,$A7) -> 95
A8: 2025-02 | B8: =SUMPRODUCT(('Transformed Data'!$O$5:$O$504=$A8)/COUNTIFS('Transformed Data'!$B$5:$B$504,'Transformed Data'!$B$5:$B$504,'Transformed Data'!$O$5:$O$504,'Transformed Data'!$O$5:$O$504)) -> 77 | C8: =COUNTIFS('Transformed Data'!$O$5:$O$504,$A8) -> 77
A9: 2025-03 | B9: =SUMPRODUCT(('Transformed Data'!$O$5:$O$504=$A9)/COUNTIFS('Transformed Data'!$B$5:$B$504,'Transformed Data'!$B$5:$B$504,'Transformed Data'!$O$5:$O$504,'Transformed Data'!$O$5:$O$504)) -> 66 | C9: =COUNTIFS('Transformed Data'!$O$5:$O$504,$A9) -> 67
A10: 2025-04 | B10: =SUMPRODUCT(('Transformed Data'!$O$5:$O$504=$A10)/COUNTIFS('Transformed Data'!$B$5:$B$504,'Transformed Data'!$B$5:$B$504,'Transformed Data'!$O$5:$O$504,'Transformed Data'!$O$5:$O$504)) -> 75 | C10: =COUNTIFS('Transformed Data'!$O$5:$O$504,$A10) -> 76
A11: 2025-05 | B11: =SUMPRODUCT(('Transformed Data'!$O$5:$O$504=$A11)/COUNTIFS('Transformed Data'!$B$5:$B$504,'Transformed Data'!$B$5:$B$504,'Transformed Data'!$O$5:$O$504,'Transformed Data'!$O$5:$O$504)) -> 101 | C11: =COUNTIFS('Transformed Data'!$O$5:$O$504,$A11) -> 101
A12: 2025-06 | B12: =SUMPRODUCT(('Transformed Data'!$O$5:$O$504=$A12)/COUNTIFS('Transformed Data'!$B$5:$B$504,'Transformed Data'!$B$5:$B$504,'Transformed Data'!$O$5:$O$504,'Transformed Data'!$O$5:$O$504)) -> 36 | C12: =COUNTIFS('Transformed Data'!$O$5:$O$504,$A12) -> 36
A14: 2. Session Count by Engagement Level
A15: Engagement Level | B15: Session Count | C15: % of Sessions
A16: Low | B16: =COUNTIFS('Transformed Data'!$P$5:$P$504,$A16) -> 41 | C16: =B16/500 -> 0.082
A17: Medium | B17: =COUNTIFS('Transformed Data'!$P$5:$P$504,$A17) -> 133 | C17: =B17/500 -> 0.266
A18: High | B18: =COUNTIFS('Transformed Data'!$P$5:$P$504,$A18) -> 326 | C18: =B18/500 -> 0.652
A20: 3. Made Purchase vs Did Not
A21: Made Purchase | B21: Session Count | C21: % of Sessions
A22: Yes | B22: =COUNTIFS('Transformed Data'!$Q$5:$Q$504,$A22) -> 104 | C22: =B22/500 -> 0.208
A23: No | B23: =COUNTIFS('Transformed Data'!$Q$5:$Q$504,$A23) -> 396 | C23: =B23/500 -> 0.792
A25: 4. Monthly Purchases Trend (Made Purchase: Yes vs No)
A26: Year-Month | B26: Purchased (Yes) | C26: Did Not Purchase (No)
A27: 2024-12 | B27: =COUNTIFS('Transformed Data'!$O$5:$O$504,$A27,'Transformed Data'!$Q$5:$Q$504,"Yes") -> 9 | C27: =COUNTIFS('Transformed Data'!$O$5:$O$504,$A27,'Transformed Data'!$Q$5:$Q$504,"No") -> 39
A28: 2025-01 | B28: =COUNTIFS('Transformed Data'!$O$5:$O$504,$A28,'Transformed Data'!$Q$5:$Q$504,"Yes") -> 18 | C28: =COUNTIFS('Transformed Data'!$O$5:$O$504,$A28,'Transformed Data'!$Q$5:$Q$504,"No") -> 77
A29: 2025-02 | B29: =COUNTIFS('Transformed Data'!$O$5:$O$504,$A29,'Transformed Data'!$Q$5:$Q$504,"Yes") -> 21 | C29: =COUNTIFS('Transformed Data'!$O$5:$O$504,$A29,'Transformed Data'!$Q$5:$Q$504,"No") -> 56
A30: 2025-03 | B30: =COUNTIFS('Transformed Data'!$O$5:$O$504,$A30,'Transformed Data'!$Q$5:$Q$504,"Yes") -> 12 | C30: =COUNTIFS('Transformed Data'!$O$5:$O$504,$A30,'Transformed Data'!$Q$5:$Q$504,"No") -> 55
A31: 2025-04 | B31: =COUNTIFS('Transformed Data'!$O$5:$O$504,$A31,'Transformed Data'!$Q$5:$Q$504,"Yes") -> 16 | C31: =COUNTIFS('Transformed Data'!$O$5:$O$504,$A31,'Transformed Data'!$Q$5:$Q$504,"No") -> 60
A32: 2025-05 | B32: =COUNTIFS('Transformed Data'!$O$5:$O$504,$A32,'Transformed Data'!$Q$5:$Q$504,"Yes") -> 20 | C32: =COUNTIFS('Transformed Data'!$O$5:$O$504,$A32,'Transformed Data'!$Q$5:$Q$504,"No") -> 81
A33: 2025-06 | B33: =COUNTIFS('Transformed Data'!$O$5:$O$504,$A33,'Transformed Data'!$Q$5:$Q$504,"Yes") -> 8 | C33: =COUNTIFS('Transformed Data'!$O$5:$O$504,$A33,'Transformed Data'!$Q$5:$Q$504,"No") -> 28
A35: 5. Suspicious Activity by Engagement Level
A36: Engagement Level | B36: Suspicious Sessions | C36: Normal Sessions
A37: Low | B37: =COUNTIFS('Transformed Data'!$P$5:$P$504,$A37,'Transformed Data'!$N$5:$N$504,"Yes") -> 1 | C37: =COUNTIFS('Transformed Data'!$P$5:$P$504,$A37,'Transformed Data'!$N$5:$N$504,"No") -> 40
A38: Medium | B38: =COUNTIFS('Transformed Data'!$P$5:$P$504,$A38,'Transformed Data'!$N$5:$N$504,"Yes") -> 4 | C38: =COUNTIFS('Transformed Data'!$P$5:$P$504,$A38,'Transformed Data'!$N$5:$N$504,"No") -> 129
A39: High | B39: =COUNTIFS('Transformed Data'!$P$5:$P$504,$A39,'Transformed Data'!$N$5:$N$504,"Yes") -> 98 | C39: =COUNTIFS('Transformed Data'!$P$5:$P$504,$A39,'Transformed Data'!$N$5:$N$504,"No") -> 228
A41: 6. Suspicious Sessions Over Time
A42: Year-Month | B42: Suspicious Sessions | C42: Suspicious Rate %
A43: 2024-12 | B43: =COUNTIFS('Transformed Data'!$O$5:$O$504,$A43,'Transformed Data'!$N$5:$N$504,"Yes") -> 15 | C43: =IF(COUNTIFS('Transformed Data'!$O$5:$O$504,$A43)=0,0,B43/COUNTIFS('Transformed Data'!$O$5:$O$504,$A43)) -> 0.3125
A44: 2025-01 | B44: =COUNTIFS('Transformed Data'!$O$5:$O$504,$A44,'Transformed Data'!$N$5:$N$504,"Yes") -> 18 | C44: =IF(COUNTIFS('Transformed Data'!$O$5:$O$504,$A44)=0,0,B44/COUNTIFS('Transformed Data'!$O$5:$O$504,$A44)) -> 0.18947368
A45: 2025-02 | B45: =COUNTIFS('Transformed Data'!$O$5:$O$504,$A45,'Transformed Data'!$N$5:$N$504,"Yes") -> 13 | C45: =IF(COUNTIFS('Transformed Data'!$O$5:$O$504,$A45)=0,0,B45/COUNTIFS('Transformed Data'!$O$5:$O$504,$A45)) -> 0.16883117
A46: 2025-03 | B46: =COUNTIFS('Transformed Data'!$O$5:$O$504,$A46,'Transformed Data'!$N$5:$N$504,"Yes") -> 16 | C46: =IF(COUNTIFS('Transformed Data'!$O$5:$O$504,$A46)=0,0,B46/COUNTIFS('Transformed Data'!$O$5:$O$504,$A46)) -> 0.23880597
A47: 2025-04 | B47: =COUNTIFS('Transformed Data'!$O$5:$O$504,$A47,'Transformed Data'!$N$5:$N$504,"Yes") -> 13 | C47: =IF(COUNTIFS('Transformed Data'!$O$5:$O$504,$A47)=0,0,B47/COUNTIFS('Transformed Data'!$O$5:$O$504,$A47)) -> 0.17105263
A48: 2025-05 | B48: =COUNTIFS('Transformed Data'!$O$5:$O$504,$A48,'Transformed Data'!$N$5:$N$504,"Yes") -> 21 | C48: =IF(COUNTIFS('Transformed Data'!$O$5:$O$504,$A48)=0,0,B48/COUNTIFS('Transformed Data'!$O$5:$O$504,$A48)) -> 0.20792079
A49: 2025-06 | B49: =COUNTIFS('Transformed Data'!$O$5:$O$504,$A49,'Transformed Data'!$N$5:$N$504,"Yes") -> 7 | C49: =IF(COUNTIFS('Transformed Data'!$O$5:$O$504,$A49)=0,0,B49/COUNTIFS('Transformed Data'!$O$5:$O$504,$A49)) -> 0.19444444
A51: 7. Platform Performance (Revenue, ARPU, Success Rate)
A52: Platform | B52: Sessions | C52: Distinct Players | D52: Total Revenue | E52: ARPU | F52: Session Success Rate %
A53: Mobile | B53: =COUNTIFS('Transformed Data'!$E$5:$E$504,$A53) -> 167 | C53: =SUMPRODUCT(('Transformed Data'!$E$5:$E$504=$A53)/COUNTIFS('Transformed Data'!$B$5:$B$504,'Transformed Data'!$B$5:$B$504,'Transformed Data'!$E$5:$E$504,'Transformed Data'!$E$5:$E$504)) -> 167 | D53: =SUMIFS('Transformed Data'!$I$5:$I$504,'Transformed Data'!$E$5:$E$504,$A53) -> 848.79 | E53: =IF(C53=0,0,D53/C53) -> 5.0825749 | F53: =COUNTIFS('Transformed Data'!$E$5:$E$504,$A53,'Transformed Data'!$K$5:$K$504,"Completed")/B53 -> 0.7245509
A54: PC | B54: =COUNTIFS('Transformed Data'!$E$5:$E$504,$A54) -> 161 | C54: =SUMPRODUCT(('Transformed Data'!$E$5:$E$504=$A54)/COUNTIFS('Transformed Data'!$B$5:$B$504,'Transformed Data'!$B$5:$B$504,'Transformed Data'!$E$5:$E$504,'Transformed Data'!$E$5:$E$504)) -> 160 | D54: =SUMIFS('Transformed Data'!$I$5:$I$504,'Transformed Data'!$E$5:$E$504,$A54) -> 764.84 | E54: =IF(C54=0,0,D54/C54) -> 4.78025 | F54: =COUNTIFS('Transformed Data'!$E$5:$E$504,$A54,'Transformed Data'!$K$5:$K$504,"Completed")/B54 -> 0.70186335
A55: Console | B55: =COUNTIFS('Transformed Data'!$E$5:$E$504,$A55) -> 172 | C55: =SUMPRODUCT(('Transformed Data'!$E$5:$E$504=$A55)/COUNTIFS('Transformed Data'!$B$5:$B$504,'Transformed Data'!$B$5:$B$504,'Transformed Data'!$E$5:$E$504,'Transformed Data'!$E$5:$E$504)) -> 172 | D55: =SUMIFS('Transformed Data'!$I$5:$I$504,'Transformed Data'!$E$5:$E$504,$A55) -> 1017.64 | E55: =IF(C55=0,0,D55/C55) -> 5.9165116 | F55: =COUNTIFS('Transformed Data'!$E$5:$E$504,$A55,'Transformed Data'!$K$5:$K$504,"Completed")/B55 -> 0.73255814
A57: 8. Region Performance
A58: Region | B58: Sessions | C58: Total Revenue | D58: Avg Duration (min)
A59: Central | B59: =COUNTIFS('Transformed Data'!$F$5:$F$504,$A59) -> 75 | C59: =SUMIFS('Transformed Data'!$I$5:$I$504,'Transformed Data'!$F$5:$F$504,$A59) -> 241.36 | D59: =AVERAGEIFS('Transformed Data'!$H$5:$H$504,'Transformed Data'!$F$5:$F$504,$A59) -> 90.08
A60: East | B60: =COUNTIFS('Transformed Data'!$F$5:$F$504,$A60) -> 80 | C60: =SUMIFS('Transformed Data'!$I$5:$I$504,'Transformed Data'!$F$5:$F$504,$A60) -> 464.24 | D60: =AVERAGEIFS('Transformed Data'!$H$5:$H$504,'Transformed Data'!$F$5:$F$504,$A60) -> 95.6375
A61: North | B61: =COUNTIFS('Transformed Data'!$F$5:$F$504,$A61) -> 96 | C61: =SUMIFS('Transformed Data'!$I$5:$I$504,'Transformed Data'!$F$5:$F$504,$A61) -> 618.43 | D61: =AVERAGEIFS('Transformed Data'!$H$5:$H$504,'Transformed Data'!$F$5:$F$504,$A61) -> 88.697917
A62: North-East | B62: =COUNTIFS('Transformed Data'!$F$5:$F$504,$A62) -> 76 | C62: =SUMIFS('Transformed Data'!$I$5:$I$504,'Transformed Data'!$F$5:$F$504,$A62) -> 431.67 | D62: =AVERAGEIFS('Transformed Data'!$H$5:$H$504,'Transformed Data'!$F$5:$F$504,$A62) -> 91.855263
A63: South | B63: =COUNTIFS('Transformed Data'!$F$5:$F$504,$A63) -> 80 | C63: =SUMIFS('Transformed Data'!$I$5:$I$504,'Transformed Data'!$F$5:$F$504,$A63) -> 362.78 | D63: =AVERAGEIFS('Transformed Data'!$H$5:$H$504,'Transformed Data'!$F$5:$F$504,$A63) -> 93.675
A64: West | B64: =COUNTIFS('Transformed Data'!$F$5:$F$504,$A64) -> 93 | C64: =SUMIFS('Transformed Data'!$I$5:$I$504,'Transformed Data'!$F$5:$F$504,$A64) -> 512.79 | D64: =AVERAGEIFS('Transformed Data'!$H$5:$H$504,'Transformed Data'!$F$5:$F$504,$A64) -> 85.193548
A66: 9. Session Status Breakdown
A67: Session Status | B67: Count | C67: % of Sessions
A68: Completed | B68: =COUNTIFS('Transformed Data'!$K$5:$K$504,$A68) -> 360 | C68: =B68/500 -> 0.72
A69: Crashed | B69: =COUNTIFS('Transformed Data'!$K$5:$K$504,$A69) -> 43 | C69: =B69/500 -> 0.086
A70: Exited Early | B70: =COUNTIFS('Transformed Data'!$K$5:$K$504,$A70) -> 52 | C70: =B70/500 -> 0.104
A71: Incomplete | B71: =COUNTIFS('Transformed Data'!$K$5:$K$504,$A71) -> 45 | C71: =B71/500 -> 0.09
A73: 10. Free vs Paid Player Type
A74: Player Type | B74: Sessions | C74: Total Revenue | D74: ARPU
A75: Free | B75: =COUNTIFS('Transformed Data'!$L$5:$L$504,$A75) -> 352 | C75: =SUMIFS('Transformed Data'!$I$5:$I$504,'Transformed Data'!$L$5:$L$504,$A75) -> 0 | D75: =IF(B75=0,0,C75/B75) -> 0
A76: Paid | B76: =COUNTIFS('Transformed Data'!$L$5:$L$504,$A76) -> 148 | C76: =SUMIFS('Transformed Data'!$I$5:$I$504,'Transformed Data'!$L$5:$L$504,$A76) -> 2631.27 | D76: =IF(B76=0,0,C76/B76) -> 17.778851

Sheet Transformed Data
A1: Transformed Data — Cleaned Data + derived analysis columns (Step 3)
A2: New columns use the exact formulas specified in the project brief. Feeds the Summary Tables and Dashboard.
A4: Session ID | B4: Player ID | C4: Player Name | D4: Game Name | E4: Platform | F4: Region | G4: Session Date | H4: Session Duration (min) | I4: In-Game Purchase ($) | J4: Purchase Type | K4: Session Status | L4: Player Type | M4: Level Reached | N4: Is Suspicious | O4: Year-Month | P4: Engagement Level | Q4: Made Purchase | R4: Suspicious Flag
A5: ='Cleaned Data'!A5 -> S00001 | B5: ='Cleaned Data'!B5 -> P3652 | C5: ='Cleaned Data'!C5 -> harrisrichard | D5: ='Cleaned Data'!D5 -> BattleZone | E5: ='Cleaned Data'!E5 -> Console | F5: ='Cleaned Data'!F5 -> East | G5: ='Cleaned Data'!G5 -> 45696 | H5: ='Cleaned Data'!H5 -> 179 | ... N5: ='Cleaned Data'!N5 -> Yes | O5: =TEXT(G5,"yyyy-mm") -> 2025-02 | P5: =IF(H5<20,"Low",IF(H5<=60,"Medium","High")) -> High | Q5: =IF(I5>0,"Yes","No") -> No | R5: =IF(N5="Yes",1,0) -> 1
A6: ='Cleaned Data'!A6 -> S00002 | B6: ='Cleaned Data'!B6 -> P9981 | C6: ='Cleaned Data'!C6 -> wlee | D6: ='Cleaned Data'!D6 -> Zombie Rush | E6: ='Cleaned Data'!E6 -> Mobile | F6: ='Cleaned Data'!F6 -> Central | G6: ='Cleaned Data'!G6 -> 45642 | H6: ='Cleaned Data'!H6 -> 75 | ... N6: ='Cleaned Data'!N6 -> No | O6: =TEXT(G6,"yyyy-mm") -> 2024-12 | P6: =IF(H6<20,"Low",IF(H6<=60,"Medium","High")) -> High | Q6: =IF(I6>0,"Yes","No") -> Yes | R6: =IF(N6="Yes",1,0) -> 0
A7: ='Cleaned Data'!A7 -> S00003 | B7: ='Cleaned Data'!B7 -> P5280 | C7: ='Cleaned Data'!C7 -> katie47 | D7: ='Cleaned Data'!D7 -> SpeedX | E7: ='Cleaned Data'!E7 -> Console | F7: ='Cleaned Data'!F7 -> East | G7: ='Cleaned Data'!G7 -> 45643 | H7: ='Cleaned Data'!H7 -> 36 | ... N7: ='Cleaned Data'!N7 -> No | O7: =TEXT(G7,"yyyy-mm") -> 2024-12 | P7: =IF(H7<20,"Low",IF(H7<=60,"Medium","High")) -> Medium | Q7: =IF(I7>0,"Yes","No") -> Yes | R7: =IF(N7="Yes",1,0) -> 0
A8: ='Cleaned Data'!A8 -> S00004 | B8: ='Cleaned Data'!B8 -> P2930 | C8: ='Cleaned Data'!C8 -> isaac85 | D8: ='Cleaned Data'!D8 -> Clash of Realms | E8: ='Cleaned Data'!E8 -> Mobile | F8: ='Cleaned Data'!F8 -> Central | G8: ='Cleaned Data'!G8 -> 45820 | H8: ='Cleaned Data'!H8 -> 153 | ... N8: ='Cleaned Data'!N8 -> Yes | O8: =TEXT(G8,"yyyy-mm") -> 2025-06 | P8: =IF(H8<20,"Low",IF(H8<=60,"Medium","High")) -> High | Q8: =IF(I8>0,"Yes","No") -> No | R8: =IF(N8="Yes",1,0) -> 1
A9: ='Cleaned Data'!A9 -> S00005 | B9: ='Cleaned Data'!B9 -> P7925 | C9: ='Cleaned Data'!C9 -> ballarddouglas | D9: ='Cleaned Data'!D9 -> Zombie Rush | E9: ='Cleaned Data'!E9 -> Mobile | F9: ='Cleaned Data'!F9 -> North | G9: ='Cleaned Data'!G9 -> 45798 | H9: ='Cleaned Data'!H9 -> 109 | ... N9: ='Cleaned Data'!N9 -> No | O9: =TEXT(G9,"yyyy-mm") -> 2025-05 | P9: =IF(H9<20,"Low",IF(H9<=60,"Medium","High")) -> High | Q9: =IF(I9>0,"Yes","No") -> Yes | R9: =IF(N9="Yes",1,0) -> 0
A10: ='Cleaned Data'!A10 -> S00006 | B10: ='Cleaned Data'!B10 -> P9919 | C10: ='Cleaned Data'!C10 -> lrichardson | D10: ='Cleaned Data'!D10 -> Zombie Rush | E10: ='Cleaned Data'!E10 -> Mobile | F10: ='Cleaned Data'!F10 -> North | G10: ='Cleaned Data'!G10 -> 45743 | H10: ='Cleaned Data'!H10 -> 46 | ... N10: ='Cleaned Data'!N10 -> No | O10: =TEXT(G10,"yyyy-mm") -> 2025-03 | P10: =IF(H10<20,"Low",IF(H10<=60,"Medium","High")) -> Medium | Q10: =IF(I10>0,"Yes","No") -> No | R10: =IF(N10="Yes",1,0) -> 0
A11: ='Cleaned Data'!A11 -> S00007 | B11: ='Cleaned Data'!B11 -> P7231 | C11: ='Cleaned Data'!C11 -> holmesbruce | D11: ='Cleaned Data'!D11 -> Clash of Realms | E11: ='Cleaned Data'!E11 -> Console | F11: ='Cleaned Data'!F11 -> North-East | G11: ='Cleaned Data'!G11 -> 45759 | H11: ='Cleaned Data'!H11 -> 134 | ... N11: ='Cleaned Data'!N11 -> Yes | O11: =TEXT(G11,"yyyy-mm") -> 2025-04 | P11: =IF(H11<20,"Low",IF(H11<=60,"Medium","High")) -> High | Q11: =IF(I11>0,"Yes","No") -> Yes | R11: =IF(N11="Yes",1,0) -> 1
A12: ='Cleaned Data'!A12 -> S00008 | B12: ='Cleaned Data'!B12 -> P5965 | C12: ='Cleaned Data'!C12 -> lhansen | D12: ='Cleaned Data'!D12 -> BattleZone | E12: ='Cleaned Data'!E12 -> PC | F12: ='Cleaned Data'!F12 -> South | G12: ='Cleaned Data'!G12 -> 45666 | H12: ='Cleaned Data'!H12 -> 38 | ... N12: ='Cleaned Data'!N12 -> No | O12: =TEXT(G12,"yyyy-mm") -> 2025-01 | P12: =IF(H12<20,"Low",IF(H12<=60,"Medium","High")) -> Medium | Q12: =IF(I12>0,"Yes","No") -> No | R12: =IF(N12="Yes",1,0) -> 0
A13: ='Cleaned Data'!A13 -> S00009 | B13: ='Cleaned Data'!B13 -> P3834 | C13: ='Cleaned Data'!C13 -> alexis47 | D13: ='Cleaned Data'!D13 -> Clash of Realms | E13: ='Cleaned Data'!E13 -> PC | F13: ='Cleaned Data'!F13 -> East | G13: ='Cleaned Data'!G13 -> 45695 | H13: ='Cleaned Data'!H13 -> 24 | ... N13: ='Cleaned Data'!N13 -> No | O13: =TEXT(G13,"yyyy-mm") -> 2025-02 | P13: =IF(H13<20,"Low",IF(H13<=60,"Medium","High")) -> Medium | Q13: =IF(I13>0,"Yes","No") -> No | R13: =IF(N13="Yes",1,0) -> 0
A14: ='Cleaned Data'!A14 -> S00010 | B14: ='Cleaned Data'!B14 -> P4220 | C14: ='Cleaned Data'!C14 -> ryanmarshall | D14: ='Cleaned Data'!D14 -> Zombie Rush | E14: ='Cleaned Data'!E14 -> PC | F14: ='Cleaned Data'!F14 -> North | G14: ='Cleaned Data'!G14 -> 45791 | H14: ='Cleaned Data'!H14 -> 138 | ... N14: ='Cleaned Data'!N14 -> No | O14: =TEXT(G14,"yyyy-mm") -> 2025-05 | P14: =IF(H14<20,"Low",IF(H14<=60,"Medium","High")) -> High | Q14: =IF(I14>0,"Yes","No") -> No | R14: =IF(N14="Yes",1,0) -> 0
A15: ='Cleaned Data'!A15 -> S00011 | B15: ='Cleaned Data'!B15 -> P1038 | C15: ='Cleaned Data'!C15 -> alexandriaparrish | D15: ='Cleaned Data'!D15 -> SpeedX | E15: ='Cleaned Data'!E15 -> Console | F15: ='Cleaned Data'!F15 -> North | G15: ='Cleaned Data'!G15 -> 45756 | H15: ='Cleaned Data'!H15 -> 26 | ... N15: ='Cleaned Data'!N15 -> No | O15: =TEXT(G15,"yyyy-mm") -> 2025-04 | P15: =IF(H15<20,"Low",IF(H15<=60,"Medium","High")) -> Medium | Q15: =IF(I15>0,"Yes","No") -> No | R15: =IF(N15="Yes",1,0) -> 0
A16: ='Cleaned Data'!A16 -> S00012 | B16: ='Cleaned Data'!B16 -> P7407 | C16: ='Cleaned Data'!C16 -> jacobhaynes | D16: ='Cleaned Data'!D16 -> Zombie Rush | E16: ='Cleaned Data'!E16 -> PC | F16: ='Cleaned Data'!F16 -> North | G16: ='Cleaned Data'!G16 -> 45768 | H16: ='Cleaned Data'!H16 -> 142 | ... N16: ='Cleaned Data'!N16 -> No | O16: =TEXT(G16,"yyyy-mm") -> 2025-04 | P16: =IF(H16<20,"Low",IF(H16<=60,"Medium","High")) -> High | Q16: =IF(I16>0,"Yes","No") -> No | R16: =IF(N16="Yes",1,0) -> 0
... A504: ='Cleaned Data'!A504 -> S00500 | B504: ='Cleaned Data'!B504 -> P4402 | C504: ='Cleaned Data'!C504 -> fnolan | D504: ='Cleaned Data'!D504 -> BattleZone | E504: ='Cleaned Data'!E504 -> Console | F504: ='Cleaned Data'!F504 -> North | G504: ='Cleaned Data'!G504 -> 45656 | H504: ='Cleaned Data'!H504 -> 20 | ... N504: ='Cleaned Data'!N504 -> No | O504: =TEXT(G504,"yyyy-mm") -> 2024-12 | P504: =IF(H504<20,"Low",IF(H504<=60,"Medium","High")) -> Medium | Q504: =IF(I504>0,"Yes","No") -> No | R504: =IF(N504="Yes",1,0) -> 0

Sheet Cleaned Data
A1: Cleaned Data — standardized, QA-checked (see Cleaning Log)
A2: Every cell links back to Raw Data; the only change applied is Purchase Type blanks -> "None" for zero-purchase sessions.
A4: Session ID | B4: Player ID | C4: Player Name | D4: Game Name | E4: Platform | F4: Region | G4: Session Date | H4: Session Duration (min) | I4: In-Game Purchase ($) | J4: Purchase Type | K4: Session Status | L4: Player Type | M4: Level Reached | N4: Is Suspicious
A5: ='Raw Data'!A4 -> S00001 | B5: ='Raw Data'!B4 -> P3652 | C5: ='Raw Data'!C4 -> harrisrichard | D5: ='Raw Data'!D4 -> BattleZone | E5: ='Raw Data'!E4 -> Console | F5: ='Raw Data'!F4 -> East | G5: ='Raw Data'!G4 -> 45696 | H5: ='Raw Data'!H4 -> 179 | I5: ='Raw Data'!I4 -> 0 | J5: =IF('Raw Data'!J4="None","None",IF(ISBLANK('Raw Data'!J4),"None",'Raw Data'!J4)) -> None | K5: ='Raw Data'!K4 -> Completed | L5: ='Raw Data'!L4 -> Free | M5: ='Raw Data'!M4 -> 42 | N5: ='Raw Data'!N4 -> Yes
A6: ='Raw Data'!A5 -> S00002 | B6: ='Raw Data'!B5 -> P9981 | C6: ='Raw Data'!C5 -> wlee | D6: ='Raw Data'!D5 -> Zombie Rush | E6: ='Raw Data'!E5 -> Mobile | F6: ='Raw Data'!F5 -> Central | G6: ='Raw Data'!G5 -> 45642 | H6: ='Raw Data'!H5 -> 75 | I6: ='Raw Data'!I5 -> 26.02 | J6: =IF('Raw Data'!J5="None","None",IF(ISBLANK('Raw Data'!J5),"None",'Raw Data'!J5)) -> Boosters | K6: ='Raw Data'!K5 -> Completed | L6: ='Raw Data'!L5 -> Paid | M6: ='Raw Data'!M5 -> 11 | N6: ='Raw Data'!N5 -> No
A7: ='Raw Data'!A6 -> S00003 | B7: ='Raw Data'!B6 -> P5280 | C7: ='Raw Data'!C6 -> katie47 | D7: ='Raw Data'!D6 -> SpeedX | E7: ='Raw Data'!E6 -> Console | F7: ='Raw Data'!F6 -> East | G7: ='Raw Data'!G6 -> 45643 | H7: ='Raw Data'!H6 -> 36 | I7: ='Raw Data'!I6 -> 2.94 | J7: =IF('Raw Data'!J6="None","None",IF(ISBLANK('Raw Data'!J6),"None",'Raw Data'!J6)) -> Subscriptions | K7: ='Raw Data'!K6 -> Completed | L7: ='Raw Data'!L6 -> Paid | M7: ='Raw Data'!M6 -> 4 | N7: ='Raw Data'!N6 -> No
A8: ='Raw Data'!A7 -> S00004 | B8: ='Raw Data'!B7 -> P2930 | C8: ='Raw Data'!C7 -> isaac85 | D8: ='Raw Data'!D7 -> Clash of Realms | E8: ='Raw Data'!E7 -> Mobile | F8: ='Raw Data'!F7 -> Central | G8: ='Raw Data'!G7 -> 45820 | H8: ='Raw Data'!H7 -> 153 | I8: ='Raw Data'!I7 -> 0 | J8: =IF('Raw Data'!J7="None","None",IF(ISBLANK('Raw Data'!J7),"None",'Raw Data'!J7)) -> None | K8: ='Raw Data'!K7 -> Completed | L8: ='Raw Data'!L7 -> Free | M8: ='Raw Data'!M7 -> 18 | N8: ='Raw Data'!N7 -> Yes
A9: ='Raw Data'!A8 -> S00005 | B9: ='Raw Data'!B8 -> P7925 | C9: ='Raw Data'!C8 -> ballarddouglas | D9: ='Raw Data'!D8 -> Zombie Rush | E9: ='Raw Data'!E8 -> Mobile | F9: ='Raw Data'!F8 -> North | G9: ='Raw Data'!G8 -> 45798 | H9: ='Raw Data'!H8 -> 109 | I9: ='Raw Data'!I8 -> 5.48 | J9: =IF('Raw Data'!J8="None","None",IF(ISBLANK('Raw Data'!J8),"None",'Raw Data'!J8)) -> Boosters | K9: ='Raw Data'!K8 -> Crashed | L9: ='Raw Data'!L8 -> Paid | M9: ='Raw Data'!M8 -> 5 | N9: ='Raw Data'!N8 -> No
A10: ='Raw Data'!A9 -> S00006 | B10: ='Raw Data'!B9 -> P9919 | C10: ='Raw Data'!C9 -> lrichardson | D10: ='Raw Data'!D9 -> Zombie Rush | E10: ='Raw Data'!E9 -> Mobile | F10: ='Raw Data'!F9 -> North | G10: ='Raw Data'!G9 -> 45743 | H10: ='Raw Data'!H9 -> 46 | I10: ='Raw Data'!I9 -> 0 | J10: =IF('Raw Data'!J9="None","None",IF(ISBLANK('Raw Data'!J9),"None",'Raw Data'!J9)) -> None | K10: ='Raw Data'!K9 -> Crashed | L10: ='Raw Data'!L9 -> Free | M10: ='Raw Data'!M9 -> 39 | N10: ='Raw Data'!N9 -> No
A11: ='Raw Data'!A10 -> S00007 | B11: ='Raw Data'!B10 -> P7231 | C11: ='Raw Data'!C10 -> holmesbruce | D11: ='Raw Data'!D10 -> Clash of Realms | E11: ='Raw Data'!E10 -> Console | F11: ='Raw Data'!F10 -> North-East | G11: ='Raw Data'!G10 -> 45759 | H11: ='Raw Data'!H10 -> 134 | I11: ='Raw Data'!I10 -> 42.57 | J11: =IF('Raw Data'!J10="None","None",IF(ISBLANK('Raw Data'!J10),"None",'Raw Data'!J10)) -> Battle Pass | K11: ='Raw Data'!K10 -> Exited Early | L11: ='Raw Data'!L10 -> Paid | M11: ='Raw Data'!M10 -> 40 | N11: ='Raw Data'!N10 -> Yes
A12: ='Raw Data'!A11 -> S00008 | B12: ='Raw Data'!B11 -> P5965 | C12: ='Raw Data'!C11 -> lhansen | D12: ='Raw Data'!D11 -> BattleZone | E12: ='Raw Data'!E11 -> PC | F12: ='Raw Data'!F11 -> South | G12: ='Raw Data'!G11 -> 45666 | H12: ='Raw Data'!H11 -> 38 | I12: ='Raw Data'!I11 -> 0 | J12: =IF('Raw Data'!J11="None","None",IF(ISBLANK('Raw Data'!J11),"None",'Raw Data'!J11)) -> None | K12: ='Raw Data'!K11 -> Exited Early | L12: ='Raw Data'!L11 -> Free | M12: ='Raw Data'!M11 -> 14 | N12: ='Raw Data'!N11 -> No
A13: ='Raw Data'!A12 -> S00009 | B13: ='Raw Data'!B12 -> P3834 | C13: ='Raw Data'!C12 -> alexis47 | D13: ='Raw Data'!D12 -> Clash of Realms | E13: ='Raw Data'!E12 -> PC | F13: ='Raw Data'!F12 -> East | G13: ='Raw Data'!G12 -> 45695 | H13: ='Raw Data'!H12 -> 24 | I13: ='Raw Data'!I12 -> 0 | J13: =IF('Raw Data'!J12="None","None",IF(ISBLANK('Raw Data'!J12),"None",'Raw Data'!J12)) -> None | K13: ='Raw Data'!K12 -> Exited Early | L13: ='Raw Data'!L12 -> Free | M13: ='Raw Data'!M12 -> 45 | N13: ='Raw Data'!N12 -> No
A14: ='Raw Data'!A13 -> S00010 | B14: ='Raw Data'!B13 -> P4220 | C14: ='Raw Data'!C13 -> ryanmarshall | D14: ='Raw Data'!D13 -> Zombie Rush | E14: ='Raw Data'!E13 -> PC | F14: ='Raw Data'!F13 -> North | G14: ='Raw Data'!G13 -> 45791 | H14: ='Raw Data'!H13 -> 138 | I14: ='Raw Data'!I13 -> 0 | J14: =IF('Raw Data'!J13="None","None",IF(ISBLANK('Raw Data'!J13),"None",'Raw Data'!J13)) -> None | K14: ='Raw Data'!K13 -> Exited Early | L14: ='Raw Data'!L13 -> Free | M14: ='Raw Data'!M13 -> 48 | N14: ='Raw Data'!N13 -> No
A15: ='Raw Data'!A14 -> S00011 | B15: ='Raw Data'!B14 -> P1038 | C15: ='Raw Data'!C14 -> alexandriaparrish | D15: ='Raw Data'!D14 -> SpeedX | E15: ='Raw Data'!E14 -> Console | F15: ='Raw Data'!F14 -> North | G15: ='Raw Data'!G14 -> 45756 | H15: ='Raw Data'!H14 -> 26 | I15: ='Raw Data'!I14 -> 0 | J15: =IF('Raw Data'!J14="None","None",IF(ISBLANK('Raw Data'!J14),"None",'Raw Data'!J14)) -> None | K15: ='Raw Data'!K14 -> Crashed | L15: ='Raw Data'!L14 -> Free | M15: ='Raw Data'!M14 -> 27 | N15: ='Raw Data'!N14 -> No
A16: ='Raw Data'!A15 -> S00012 | B16: ='Raw Data'!B15 -> P7407 | C16: ='Raw Data'!C15 -> jacobhaynes | D16: ='Raw Data'!D15 -> Zombie Rush | E16: ='Raw Data'!E15 -> PC | F16: ='Raw Data'!F15 -> North | G16: ='Raw Data'!G15 -> 45768 | H16: ='Raw Data'!H15 -> 142 | I16: ='Raw Data'!I15 -> 0 | J16: =IF('Raw Data'!J15="None","None",IF(ISBLANK('Raw Data'!J15),"None",'Raw Data'!J15)) -> None | K16: ='Raw Data'!K15 -> Completed | L16: ='Raw Data'!L15 -> Free | M16: ='Raw Data'!M15 -> 23 | N16: ='Raw Data'!N15 -> No
... A504: ='Raw Data'!A503 -> S00500 | B504: ='Raw Data'!B503 -> P4402 | C504: ='Raw Data'!C503 -> fnolan | D504: ='Raw Data'!D503 -> BattleZone | E504: ='Raw Data'!E503 -> Console | F504: ='Raw Data'!F503 -> North | G504: ='Raw Data'!G503 -> 45656 | H504: ='Raw Data'!H503 -> 20 | I504: ='Raw Data'!I503 -> 0 | J504: =IF('Raw Data'!J503="None","None",IF(ISBLANK('Raw Data'!J503),"None",'Raw Data'!J503)) -> None | K504: ='Raw Data'!K503 -> Completed | L504: ='Raw Data'!L503 -> Paid | M504: ='Raw Data'!M503 -> 30 | N504: ='Raw Data'!N503 -> No

Sheet Cleaning Log
A1: Step 2: Data Cleaning & Preprocessing — QA Log
A2: All checks run live against Raw Data (500 sessions). Formulas recalculate if the raw data changes.
A4: Check | B4: Method | C4: Result | D4: Status
A5: 1. Duplicate Session IDs | B5: =COUNTA('Raw Data'!A4:A503)-SUMPRODUCT(1/COUNTIF('Raw Data'!A4:A503,'Raw Data'!A4:A503)) -> 0 | C5: =COUNTA('Raw Data'!A4:A503)-SUMPRODUCT(1/COUNTIF('Raw Data'!A4:A503,'Raw Data'!A4:A503)) -> 0 | D5: =IF(C5=0,"PASS","REVIEW") -> PASS
A6: 2. Missing values — Session Date | B6: =COUNTBLANK('Raw Data'!G4:G503) -> 0 | C6: =COUNTBLANK('Raw Data'!G4:G503) -> 0 | D6: =IF(C6=0,"PASS","REVIEW") -> PASS
A7: 3. Missing values — Session Duration | B7: =COUNTBLANK('Raw Data'!H4:H503) -> 0 | C7: =COUNTBLANK('Raw Data'!H4:H503) -> 0 | D7: =IF(C7=0,"PASS","REVIEW") -> PASS
A8: 4. Missing values — In-Game Purchase | B8: =COUNTBLANK('Raw Data'!I4:I503) -> 0 | C8: =COUNTBLANK('Raw Data'!I4:I503) -> 0 | D8: =IF(C8=0,"PASS","REVIEW") -> PASS
A9: 5. Missing values — Platform | B9: =COUNTBLANK('Raw Data'!E4:E503) -> 0 | C9: =COUNTBLANK('Raw Data'!E4:E503) -> 0 | D9: =IF(C9=0,"PASS","REVIEW") -> PASS
A10: 6. Negative Session Duration | B10: =COUNTIFS('Raw Data'!H4:H503,"<0") -> 0 | C10: =COUNTIFS('Raw Data'!H4:H503,"<0") -> 0 | D10: =IF(C10=0,"PASS","REVIEW") -> PASS
A11: 7. Negative In-Game Purchase | B11: =COUNTIFS('Raw Data'!I4:I503,"<0") -> 0 | C11: =COUNTIFS('Raw Data'!I4:I503,"<0") -> 0 | D11: =IF(C11=0,"PASS","REVIEW") -> PASS
A12: 8. Unrealistic Session Duration (>200 min) | B12: =COUNTIFS('Raw Data'!H4:H503,">200") -> 0 | C12: =COUNTIFS('Raw Data'!H4:H503,">200") -> 0 | D12: =IF(C12=0,"PASS","REVIEW") -> PASS
A13: 9. Unrealistic Purchase (>$100) | B13: =COUNTIFS('Raw Data'!I4:I503,">100") -> 0 | C13: =COUNTIFS('Raw Data'!I4:I503,">100") -> 0 | D13: =IF(C13=0,"PASS","REVIEW") -> PASS
A14: 10. Session Date outside Jan-2024 to Jun-2025 | B14: =COUNTIFS('Raw Data'!G4:G503,"<"&DATE(2024,1,1))+COUNTIFS('Raw Data'!G4:G503,">"&DATE(2025,6,30)) -> 0 | C14: =COUNTIFS('Raw Data'!G4:G503,"<"&DATE(2024,1,1))+COUNTIFS('Raw Data'!G4:G503,">"&DATE(2025,6,30)) -> 0 | D14: =IF(C14=0,"PASS","REVIEW") -> PASS
A15: 11. Text formatting variants (Game/Platform/Region/Status/Player Type/Is Suspicious) | B15: =SUMPRODUCT(--(TRIM('Raw Data'!D4:D503)<>'Raw Data'!D4:D503))+SUMPRODUCT(--(TRIM('Raw Data'!E4:E503)<>'Raw Data'!E4:E503))+SUMPRODUCT(--(TRIM('Raw Data'!F4:F503)<>'Raw Data'!F4:F503)) -> 0 | C15: =SUMPRODUCT(--(TRIM('Raw Data'!D4:D503)<>'Raw Data'!D4:D503))+SUMPRODUCT(--(TRIM('Raw Data'!E4:E503)<>'Raw Data'!E4:E503))+SUMPRODUCT(--(TRIM('Raw Data'!F4:F503)<>'Raw Data'!F4:F503)) -> 0 | D15: =IF(C15=0,"PASS","REVIEW") -> PASS
A16: 12. Is Suspicious flag matches AND rule (duration>150 AND purchase>40) — as written in project brief | B16: =SUMPRODUCT(--((('Raw Data'!H4:H503>150)*('Raw Data'!I4:I503>40))<>('Raw Data'!N4:N503="Yes"))) -> 100 | C16: =SUMPRODUCT(--((('Raw Data'!H4:H503>150)*('Raw Data'!I4:I503>40))<>('Raw Data'!N4:N503="Yes"))) -> 100 | D16: =IF(C16=0,"PASS","MISMATCH") -> MISMATCH
A17: 13. Is Suspicious flag matches OR rule (duration>150 OR purchase>40) | B17: =SUMPRODUCT(--((('Raw Data'!H4:H503>150)+('Raw Data'!I4:I503>40)>0)<>('Raw Data'!N4:N503="Yes"))) -> 0 | C17: =SUMPRODUCT(--((('Raw Data'!H4:H503>150)+('Raw Data'!I4:I503>40)>0)<>('Raw Data'!N4:N503="Yes"))) -> 0 | D17: =IF(C17=0,"PASS","REVIEW") -> PASS
A20: Findings & Actions Taken
A21: Duplicates / missing / negative / unrealistic values / out-of-range dates / text-format variants | B21: None found. All checks above return PASS — the raw dataset is already clean on these dimensions.
A22: Purchase Type blank for $0 purchases (396 of 500 rows) | B22: Not a data error — a session with no purchase legitimately has no Purchase Type. Standardized the blank to the label "None" in Cleaned Data for clarity in pivots/filters.
A23: Is Suspicious logic mismatch | B23: The brief's documented rule (duration>150 min AND purchase>$40) does NOT reproduce the actual Is Suspicious flag (100 of 500 rows differ — see Check 12). The flag instead matches an OR rule: duration>150 min OR purchase>$40 (0 mismatches — Check 13). Recommendation: correct the documented business rule to OR before this logic is reused elsewhere; the existing Is Suspicious column itself was trusted as-is for all downstream analysis.
A24: Player ID linked to more than one Player Name | B24: 11 of 489 unique players (~2.2%) have 2 different names recorded across their sessions. Left as-is (ambiguous which name is authoritative) but flagged here for the source system owner to investigate — could indicate shared accounts or a display-name change mid-dataset.

Sheet Raw Data
A1: Raw Data — Indian Gaming Platform Dataset (as supplied, unmodified)
A3: Session ID | B3: Player ID | C3: Player Name | D3: Game Name | E3: Platform | F3: Region | G3: Session Date | H3: Session Duration (min) | I3: In-Game Purchase ($) | J3: Purchase Type | K3: Session Status | L3: Player Type | M3: Level Reached | N3: Is Suspicious
A4: S00001 | B4: P3652 | C4: harrisrichard | D4: BattleZone | E4: Console | F4: East | G4: 45696 | H4: 179 | I4: 0 | K4: Completed | L4: Free | M4: 42 | N4: Yes
A5: S00002 | B5: P9981 | C5: wlee | D5: Zombie Rush | E5: Mobile | F5: Central | G5: 45642 | H5: 75 | I5: 26.02 | J5: Boosters | K5: Completed | L5: Paid | M5: 11 | N5: No
A6: S00003 | B6: P5280 | C6: katie47 | D6: SpeedX | E6: Console | F6: East | G6: 45643 | H6: 36 | I6: 2.94 | J6: Subscriptions | K6: Completed | L6: Paid | M6: 4 | N6: No
A7: S00004 | B7: P2930 | C7: isaac85 | D7: Clash of Realms | E7: Mobile | F7: Central | G7: 45820 | H7: 153 | I7: 0 | K7: Completed | L7: Free | M7: 18 | N7: Yes
A8: S00005 | B8: P7925 | C8: ballarddouglas | D8: Zombie Rush | E8: Mobile | F8: North | G8: 45798 | H8: 109 | I8: 5.48 | J8: Boosters | K8: Crashed | L8: Paid | M8: 5 | N8: No
A9: S00006 | B9: P9919 | C9: lrichardson | D9: Zombie Rush | E9: Mobile | F9: North | G9: 45743 | H9: 46 | I9: 0 | K9: Crashed | L9: Free | M9: 39 | N9: No
A10: S00007 | B10: P7231 | C10: holmesbruce | D10: Clash of Realms | E10: Console | F10: North-East | G10: 45759 | H10: 134 | I10: 42.57 | J10: Battle Pass | K10: Exited Early | L10: Paid | M10: 40 | N10: Yes
A11: S00008 | B11: P5965 | C11: lhansen | D11: BattleZone | E11: PC | F11: South | G11: 45666 | H11: 38 | I11: 0 | K11: Exited Early | L11: Free | M11: 14 | N11: No
A12: S00009 | B12: P3834 | C12: alexis47 | D12: Clash of Realms | E12: PC | F12: East | G12: 45695 | H12: 24 | I12: 0 | K12: Exited Early | L12: Free | M12: 45 | N12: No
A13: S00010 | B13: P4220 | C13: ryanmarshall | D13: Zombie Rush | E13: PC | F13: North | G13: 45791 | H13: 138 | I13: 0 | K13: Exited Early | L13: Free | M13: 48 | N13: No
A14: S00011 | B14: P1038 | C14: alexandriaparrish | D14: SpeedX | E14: Console | F14: North | G14: 45756 | H14: 26 | I14: 0 | K14: Crashed | L14: Free | M14: 27 | N14: No
A15: S00012 | B15: P7407 | C15: jacobhaynes | D15: Zombie Rush | E15: PC | F15: North | G15: 45768 | H15: 142 | I15: 0 | K15: Completed | L15: Free | M15: 23 | N15: No
A16: S00013 | B16: P4776 | C16: xjoseph | D16: SpeedX | E16: Mobile | F16: South | G16: 45724 | H16: 100 | I16: 0 | K16: Completed | L16: Free | M16: 36 | N16: No
A17: S00014 | B17: P6935 | C17: yjohnson | D17: BattleZone | E17: PC | F17: East | G17: 45794 | H17: 78 | I17: 0 | K17: Completed | L17: Free | M17: 35 | N17: No
A18: S00015 | B18: P9150 | C18: lesliemiller | D18: Empire Wars | E18: PC | F18: West | G18: 45719 | H18: 151 | I18: 0 | K18: Completed | L18: Free | M18: 47 | N18: Yes
A19: S00016 | B19: P9796 | C19: raynatalie | D19: BattleZone | E19: Mobile | F19: East | G19: 45664 | H19: 163 | I19: 0 | K19: Completed | L19: Free | M19: 50 | N19: Yes
A20: S00017 | B20: P5317 | C20: xtaylor | D20: BattleZone | E20: PC | F20: East | G20: 45681 | H20: 128 | I20: 0 | K20: Incomplete | L20: Free | M20: 7 | N20: No
A21: S00018 | B21: P5320 | C21: aguilarjennifer | D21: Empire Wars | E21: Console | F21: North-East | G21: 45685 | H21: 173 | I21: 0 | K21: Exited Early | L21: Free | M21: 30 | N21: Yes
A22: S00019 | B22: P8261 | C22: lmeza | D22: SpeedX | E22: Mobile | F22: North | G22: 45769 | H22: 49 | I22: 0 | K22: Exited Early | L22: Free | M22: 47 | N22: No
... A26: S00023 | B26: P4722 | C26: david54 | D26: Zombie Rush | E26: Console | F26: North | G26: 45738 | H26: 58 | I26: 0 | K26: Completed | L26: Free | M26: 37 | N26: No
A27: S00024 | B27: P8146 | C27: rcraig | D27: SpeedX | E27: PC | F27: West | G27: 45740 | H27: 121 | I27: 7.28 | J27: Boosters | K27: Completed | L27: Paid | M27: 34 | N27: No
A28: S00025 | B28: P2146 | C28: kvasquez | D28: Zombie Rush | E28: PC | F28: South | G28: 45781 | H28: 51 | I28: 0 | K28: Crashed | L28: Free | M28: 41 | N28: No
A29: S00026 | B29: P3548 | C29: erica07 | D29: Empire Wars | E29: PC | F29: North-East | G29: 45741 | H29: 96 | I29: 0 | K29: Completed | L29: Paid | M29: 17 | N29: No
A30: S00027 | B30: P2609 | C30: owensoscar | D30: Empire Wars | E30: Mobile | F30: North-East | G30: 45779 | H30: 173 | I30: 0 | K30: Completed | L30: Free | M30: 8 | N30: Yes
A31: S00028 | B31: P4851 | C31: wlawson | D31: SpeedX | E31: Mobile | F31: North-East | G31: 45692 | H31: 105 | I31: 0 | K31: Completed | L31: Free | M31: 11 | N31: No
A32: S00029 | B32: P5046 | C32: kevinruiz | D32: Clash of Realms | E32: Console | F32: North-East | G32: 45763 | H32: 16 | I32: 0 | K32: Completed | L32: Free | M32: 26 | N32: No
A33: S00030 | B33: P4408 | C33: dlee | D33: SpeedX | E33: Mobile | F33: South | G33: 45818 | H33: 135 | I33: 0 | K33: Completed | L33: Free | M33: 12 | N33: No
A34: S00031 | B34: P3683 | C34: rebekah64 | D34: Empire Wars | E34: Mobile | F34: North-East | G34: 45694 | H34: 96 | I34: 0 | K34: Completed | L34: Free | M34: 43 | N34: No
A35: S00032 | B35: P6285 | C35: katherinejohnston | D35: SpeedX | E35: PC | F35: North-East | G35: 45708 | H35: 16 | I35: 0 | K35: Completed | L35: Free | M35: 16 | N35: No
A36: S00033 | B36: P4554 | C36: odavis | D36: Clash of Realms | E36: PC | F36: North-East | G36: 45696 | H36: 165 | I36: 0 | K36: Completed | L36: Free | M36: 23 | N36: Yes
A37: S00034 | B37: P6724 | C37: tylermiller | D37: SpeedX | E37: PC | F37: South | G37: 45797 | H37: 25 | I37: 0 | K37: Crashed | L37: Free | M37: 26 | N37: No
A38: S00035 | B38: P2965 | C38: sonya77 | D38: SpeedX | E38: PC | F38: South | G38: 45729 | H38: 140 | I38: 0 | K38: Completed | L38: Free | M38: 26 | N38: No
A39: S00036 | B39: P4961 | C39: sandyherman | D39: Empire Wars | E39: Mobile | F39: Central | G39: 45750 | H39: 86 | I39: 0 | K39: Completed | L39: Free | M39: 47 | N39: No
... A42: S00039 | B42: P3668 | C42: jenniferwilcox | D42: SpeedX | E42: Mobile | F42: Central | G42: 45702 | H42: 154 | I42: 0 | K42: Completed | L42: Free | M42: 44 | N42: Yes
A43: S00040 | B43: P3875 | C43: bruce09 | D43: SpeedX | E43: PC | F43: North-East | G43: 45673 | H43: 82 | I43: 24.1 | J43: Skins | K43: Completed | L43: Paid | M43: 34 | N43: No
A44: S00041 | B44: P2707 | C44: tpark | D44: Empire Wars | E44: PC | F44: South | G44: 45642 | H44: 49 | I44: 0 | K44: Completed | L44: Free | M44: 9 | N44: No
A45: S00042 | B45: P2683 | C45: csanchez | D45: Clash of Realms | E45: Console | F45: South | G45: 45783 | H45: 35 | I45: 0 | K45: Completed | L45: Paid | M45: 33 | N45: No
A46: S00043 | B46: P2171 | C46: nnguyen | D46: BattleZone | E46: PC | F46: West | G46: 45676 | H46: 112 | I46: 30.74 | J46: Subscriptions | K46: Completed | L46: Paid | M46: 10 | N46: No
A47: S00044 | B47: P5497 | C47: vmooney | D47: BattleZone | E47: Console | F47: West | G47: 45692 | H47: 67 | I47: 0 | K47: Exited Early | L47: Free | M47: 16 | N47: No
A48: S00045 | B48: P7820 | C48: jennifer87 | D48: BattleZone | E48: PC | F48: West | G48: 45676 | H48: 15 | I48: 0 | K48: Crashed | L48: Free | M48: 38 | N48: No
A49: S00046 | B49: P5339 | C49: jcarter | D49: SpeedX | E49: Console | F49: South | G49: 45717 | H49: 8 | I49: 0 | K49: Completed | L49: Free | M49: 33 | N49: No
A50: S00047 | B50: P2125 | C50: jlane | D50: Clash of Realms | E50: Mobile | F50: West | G50: 45643 | H50: 27 | I50: 0 | K50: Completed | L50: Free | M50: 19 | N50: No
A51: S00048 | B51: P1178 | C51: nathan33 | D51: BattleZone | E51: Console | F51: North | G51: 45692 | H51: 115 | I51: 22.35 | J51: Subscriptions | K51: Completed | L51: Paid | M51: 43 | N51: No
A52: S00049 | B52: P2502 | C52: owensjoseph | D52: Zombie Rush | E52: Mobile | F52: Central | G52: 45715 | H52: 27 | I52: 0 | K52: Completed | L52: Free | M52: 39 | N52: No
A53: S00050 | B53: P5155 | C53: griffinsarah | D53: SpeedX | E53: Mobile | F53: Central | G53: 45658 | H53: 82 | I53: 0 | K53: Incomplete | L53: Free | M53: 26 | N53: No
A54: S00051 | B54: P3174 | C54: petersonlacey | D54: BattleZone | E54: Console | F54: South | G54: 45781 | H54: 42 | I54: 0 | K54: Completed | L54: Free | M54: 18 | N54: No
A55: S00052 | B55: P8266 | C55: cynthiapoole | D55: Zombie Rush | E55: PC | F55: East | G55: 45645 | H55: 108 | I55: 0 | K55: Completed | L55: Free | M55: 35 | N55: No
A56: S00053 | B56: P9579 | C56: richardsjessica | D56: SpeedX | E56: Console | F56: West | G56: 45758 | H56: 38 | I56: 0 | K56: Completed | L56: Free | M56: 34 | N56: No
A57: S00054 | B57: P5714 | C57: fforbes | D57: BattleZone | E57: PC | F57: West | G57: 45727 | H57: 136 | I57: 0 | K57: Completed | L57: Free | M57: 11 | N57: No
A58: S00055 | B58: P4102 | C58: odonnelljennifer | D58: BattleZone | E58: Mobile | F58: Central | G58: 45814 | H58: 20 | I58: 0 | K58: Incomplete | L58: Free | M58: 49 | N58: No
A59: S00056 | B59: P1285 | C59: amylong | D59: BattleZone | E59: Mobile | F59: North | G59: 45788 | H59: 117 | I59: 0 | K59: Exited Early | L59: Free | M59: 11 | N59: No
A60: S00057 | B60: P7588 | C60: usnyder | D60: BattleZone | E60: PC | F60: North | G60: 45781 | H60: 139 | I60: 0 | K60: Completed | L60: Free | M60: 41 | N60: No
A61: S00058 | B61: P9514 | C61: dianaburgess | D61: Zombie Rush | E61: Mobile | F61: East | G61: 45756 | H61: 19 | I61: 44.21 | J61: Battle Pass | K61: Completed | L61: Paid | M61: 24 | N61: Yes
A62: S00059 | B62: P1110 | C62: joseph32 | D62: BattleZone | E62: PC | F62: East | G62: 45771 | H62: 76 | I62: 0 | K62: Completed | L62: Free | M62: 41 | N62: No
A63: S00060 | B63: P2205 | C63: fstewart | D63: Empire Wars | E63: PC | F63: Central | G63: 45767 | H63: 153 | I63: 0 | K63: Completed | L63: Free | M63: 2 | N63: Yes
A64: S00061 | B64: P7473 | C64: sholmes | D64: SpeedX | E64: Console | F64: North | G64: 45804 | H64: 156 | I64: 0 | K64: Completed | L64: Paid | M64: 50 | N64: Yes
A65: S00062 | B65: P1805 | C65: charlesjohnson | D65: SpeedX | E65: Mobile | F65: West | G65: 45739 | H65: 153 | I65: 0 | K65: Completed | L65: Paid | M65: 44 | N65: Yes
A66: S00063 | B66: P3641 | C66: davischristopher | D66: Zombie Rush | E66: Console | F66: West | G66: 45658 | H66: 77 | I66: 39.88 | J66: Skins | K66: Completed | L66: Paid | M66: 25 | N66: No
A67: S00064 | B67: P6094 | C67: jenniferarnold | D67: Zombie Rush | E67: PC | F67: South | G67: 45818 | H67: 81 | I67: 10.1 | J67: Subscriptions | K67: Crashed | L67: Paid | M67: 24 | N67: No
A68: S00065 | B68: P5717 | C68: palmerashley | D68: Empire Wars | E68: PC | F68: East | G68: 45713 | H68: 7 | I68: 0 | K68: Incomplete | L68: Free | M68: 32 | N68: No
A69: S00066 | B69: P2499 | C69: mbowen | D69: Empire Wars | E69: PC | F69: Central | G69: 45814 | H69: 152 | I69: 0 | K69: Completed | L69: Free | M69: 21 | N69: Yes
A70: S00067 | B70: P9667 | C70: harrisonsteven | D70: SpeedX | E70: PC | F70: West | G70: 45662 | H70: 64 | I70: 0 | K70: Exited Early | L70: Free | M70: 13 | N70: No
A71: S00068 | B71: P9995 | C71: tinapreston | D71: BattleZone | E71: Console | F71: North | G71: 45811 | H71: 165 | I71: 0 | K71: Completed | L71: Free | M71: 41 | N71: Yes
A72: S00069 | B72: P8527 | C72: claudiasilva | D72: Empire Wars | E72: Console | F72: East | G72: 45674 | H72: 165 | I72: 0 | K72: Completed | L72: Free | M72: 15 | N72: Yes
A73: S00070 | B73: P6322 | C73: noah21 | D73: Clash of Realms | E73: PC | F73: West | G73: 45682 | H73: 79 | I73: 0 | K73: Exited Early | L73: Free | M73: 18 | N73: No
A74: S00071 | B74: P8019 | C74: nwatkins | D74: Empire Wars | E74: PC | F74: Central | G74: 45820 | H74: 81 | I74: 0 | K74: Exited Early | L74: Free | M74: 37 | N74: No
A75: S00072 | B75: P3539 | C75: martinderrick | D75: Zombie Rush | E75: Console | F75: South | G75: 45659 | H75: 84 | I75: 0 | K75: Completed | L75: Free | M75: 11 | N75: No
A76: S00073 | B76: P8666 | C76: craiggail | D76: SpeedX | E76: Mobile | F76: North | G76: 45782 | H76: 79 | I76: 0 | K76: Completed | L76: Free | M76: 49 | N76: No
A77: S00074 | B77: P8845 | C77: connerkevin | D77: BattleZone | E77: Console | F77: North | G77: 45665 | H77: 147 | I77: 0 | K77: Completed | L77: Free | M77: 14 | N77: No
A78: S00075 | B78: P3222 | C78: fmayer | D78: Empire Wars | E78: Console | F78: West | G78: 45750 | H78: 70 | I78: 0 | K78: Completed | L78: Free | M78: 12 | N78: No
A79: S00076 | B79: P1269 | C79: bryantdawn | D79: SpeedX | E79: PC | F79: East | G79: 45817 | H79: 33 | I79: 16.41 | J79: Boosters | K79: Incomplete | L79: Paid | M79: 30 | N79: No
A80: S00077 | B80: P6534 | C80: lindsay74 | D80: SpeedX | E80: PC | F80: West | G80: 45692 | H80: 128 | I80: 0 | K80: Incomplete | L80: Free | M80: 40 | N80: No
A81: S00078 | B81: P1662 | C81: ehill | D81: SpeedX | E81: Console | F81: Central | G81: 45815 | H81: 28 | I81: 0 | K81: Completed | L81: Free | M81: 4 | N81: No
A82: S00079 | B82: P9765 | C82: hannah41 | D82: SpeedX | E82: PC | F82: North | G82: 45743 | H82: 112 | I82: 0 | K82: Completed | L82: Free | M82: 21 | N82: No
A83: S00080 | B83: P2463 | C83: bentonashley | D83: SpeedX | E83: Mobile | F83: South | G83: 45779 | H83: 175 | I83: 27.19 | J83: Skins | K83: Completed | L83: Paid | M83: 1 | N83: Yes
A84: S00081 | B84: P3235 | C84: kellyhill | D84: Clash of Realms | E84: PC | F84: Central | G84: 45809 | H84: 60 | I84: 0 | K84: Completed | L84: Free | M84: 44 | N84: No
A85: S00082 | B85: P7193 | C85: tlloyd | D85: Zombie Rush | E85: PC | F85: South | G85: 45739 | H85: 144 | I85: 0 | K85: Completed | L85: Free | M85: 35 | N85: No
A86: S00083 | B86: P1366 | C86: robinatkinson | D86: SpeedX | E86: PC | F86: East | G86: 45778 | H86: 47 | I86: 0 | K86: Crashed | L86: Free | M86: 50 | N86: No
A87: S00084 | B87: P3144 | C87: karen96 | D87: Clash of Realms | E87: Mobile | F87: South | G87: 45677 | H87: 53 | I87: 0 | K87: Completed | L87: Free | M87: 4 | N87: No
A88: S00085 | B88: P2977 | C88: mark79 | D88: Empire Wars | E88: Console | F88: East | G88: 45756 | H88: 43 | I88: 0 | K88: Completed | L88: Free | M88: 20 | N88: No
A89: S00086 | B89: P8703 | C89: wayne88 | D89: BattleZone | E89: PC | F89: South | G89: 45689 | H89: 11 | I89: 0 | K89: Crashed | L89: Free | M89: 18 | N89: No
A90: S00087 | B90: P9792 | C90: jack75 | D90: BattleZone | E90: Console | F90: South | G90: 45719 | H90: 100 | I90: 0 | K90: Completed | L90: Free | M90: 50 | N90: No
A91: S00088 | B91: P5000 | C91: shenderson | D91: SpeedX | E91: PC | F91: North | G91: 45715 | H91: 54 | I91: 35.79 | J91: Skins | K91: Completed | L91: Paid | M91: 42 | N91: No
A92: S00089 | B92: P5536 | C92: manderson | D92: Zombie Rush | E92: Mobile | F92: East | G92: 45651 | H92: 92 | I92: 0 | K92: Incomplete | L92: Free | M92: 21 | N92: No
A93: S00090 | B93: P3420 | C93: boylejeffrey | D93: Empire Wars | E93: Mobile | F93: North-East | G93: 45661 | H93: 115 | I93: 0 | K93: Completed | L93: Free | M93: 17 | N93: No
A94: S00091 | B94: P6128 | C94: justinvargas | D94: Clash of Realms | E94: Console | F94: West | G94: 45809 | H94: 76 | I94: 0 | K94: Completed | L94: Free | M94: 44 | N94: No
A95: S00092 | B95: P2205 | C95: smullins | D95: BattleZone | E95: Console | F95: South | G95: 45770 | H95: 81 | I95: 0 | K95: Crashed | L95: Free | M95: 46 | N95: No
A96: S00093 | B96: P5817 | C96: cynthiasimmons | D96: BattleZone | E96: Mobile | F96: North | G96: 45646 | H96: 154 | I96: 0 | K96: Completed | L96: Free | M96: 11 | N96: Yes
A97: S00094 | B97: P6677 | C97: qwatson | D97: SpeedX | E97: Console | F97: North-East | G97: 45731 | H97: 143 | I97: 0 | K97: Exited Early | L97: Free | M97: 10 | N97: No
A98: S00095 | B98: P5248 | C98: xreed | D98: Clash of Realms | E98: PC | F98: South | G98: 45779 | H98: 123 | I98: 26.85 | J98: Battle Pass | K98: Crashed | L98: Paid | M98: 32 | N98: No
A99: S00096 | B99: P7669 | C99: melanie00 | D99: SpeedX | E99: Console | F99: Central | G99: 45712 | H99: 158 | I99: 0 | K99: Completed | L99: Paid | M99: 17 | N99: Yes
A100: S00097 | B100: P1126 | C100: richardward | D100: Zombie Rush | E100: PC | F100: West | G100: 45710 | H100: 122 | I100: 0 | K100: Completed | L100: Free | M100: 9 | N100: No
A101: S00098 | B101: P8252 | C101: riggsbarbara | D101: SpeedX | E101: Console | F101: North-East | G101: 45646 | H101: 164 | I101: 0 | K101: Completed | L101: Paid | M101: 19 | N101: Yes
A102: S00099 | B102: P9800 | C102: sroach | D102: Empire Wars | E102: Console | F102: East | G102: 45738 | H102: 173 | I102: 0 | K102: Completed | L102: Free | M102: 37 | N102: Yes
A103: S00100 | B103: P5367 | C103: jeffreyluna | D103: Empire Wars | E103: Console | F103: East | G103: 45787 | H103: 107 | I103: 0 | K103: Incomplete | L103: Free | M103: 13 | N103: No
A104: S00101 | B104: P6401 | C104: chavezmelissa | D104: BattleZone | E104: Mobile | F104: North | G104: 45750 | H104: 34 | I104: 15.26 | J104: Skins | K104: Completed | L104: Paid | M104: 11 | N104: No
A105: S00102 | B105: P1736 | C105: qserrano | D105: Zombie Rush | E105: Mobile | F105: East | G105: 45677 | H105: 180 | I105: 0 | K105: Completed | L105: Free | M105: 28 | N105: Yes
A106: S00103 | B106: P5013 | C106: angelabutler | D106: Empire Wars | E106: Mobile | F106: North-East | G106: 45668 | H106: 41 | I106: 0 | K106: Exited Early | L106: Free | M106: 47 | N106: No
...
